Employee Name,Employee Number,State,Zip,Age,Sex,
"Singh, Nan ",1307059817,MA,02330     ,29,Female,
"Smith, Leigh Ann",0711007713,MA,01844     ,30,Female,
"Boutwell, Bonalyn",1307060188,MA,02468,30,Female,
"Murray, Thomas",1406068403,TX,78230     ,29,Male,
"Salter, Jason",1111030148,MA,02452,30,Male,
"Lindsay, Leonara ",0602000312,CT,06070     ,29,Female,
"Bacong, Alejandro ",1212052023,MA,01886,30,Male,
"Cisco, Anthony",1102024173,MA,02135,28,Male,
"Dolan, Linda",1101023540,MA,02119     ,29,Female,
"Merlos, Carlos",1012023013,MA,02138,30,Male,
"Tredinnick, Neville ",1104025466,MA,01420,29,Male,
"Alagbe,Trina",1011022883,MA,01886,29,Female,
"Anderson, Carol ",1001417624,MA,02169    ,28,Female,
"Billis, Helen",1308060366,MA,02031,28,Female,
"Brill, Donna",1406068293,MA,01701,27,Female,
"Cierpiszewski, Caroline  ",1012023295,MA,02044,29,Female,
"Crimmings,   Jean",1311063172,MA,01821     ,30,Female,
"Eaton, Marianne",1406067865,MA,02343     ,26,Female,
"Evensen, April",1107027392,MA,02458,28,Female,
"Fernandes, Nilson  ",1302053339,MA,02132,28,Male,
"Gentry, Mildred",1501072192,MA,02145,27,Female,
"Gold, Shenice  ",1408069539,MA,02451,25,Female,
"Ivey, Rose ",1408069882,MA,01775,27,Female,
"Ndzi, Colombui",1204033041,MA,02110,28,Male,
"Pelech, Emil",1307060058,MA,02458     ,29,Male,
"Pham, Hong",1305057440,MA,02451,29,Male,
"Rossetti, Bruno",1405067492,MA,02155     ,30,Male,
"Sander, Kamrin",1302053362,MA,02154,29,Female,
"Veera, Abdellah ",1203032235,MA,02171     ,30,Male,
"Whittier, Scott",1307060212,MA,02030,30,Male,
"Akinkuolie, Sarah",1005019209,MA,01810,29,Female,
"Blount, Dianna",1403066125,MA,02171     ,27,Female,
"Erilus, Angela",1105025661,MA,02133,28,Female,
"Fancett, Nicole",1402065085,MA,02324     ,30,Female,
"Hankard, Earnest",1307059937,MA,02155     ,29,Male,
"Hutter, Rosalie",1103024924,MA,02351     ,25,Female,
"McCarthy, Brigit",1406067957,MA,02149,30,Female,
"Monkfish, Erasumus  ",1404066711,MA,01450,25,Male,
"Pelletier, Ermine",1202031821,MA,02472     ,28,Female,
"Sloan, Constance",1012023103,MA,01851     ,30,Female,
"Costa, Latia",1409070567,CA,90007,29,Female,
"Dietrich, Jenna  ",1408069481,WA,98052,30,Female,
"Digitale, Alfred",1306059197,NH,03062,29,Male,
"Givens, Myriam",1203032099,IN,46204,28,Female,
"Leruth, Giovanni",1412071660,UT,84111,29,Male,
"Nguyen, Dheepa",1111030684,GA,30428,28,Female,
"Onque, Jasmine",1501072180,FL,33174,27,Female,
"Potts, Xana",1102024106,KY,40220,29,Female,
"Strong, Caitrin",1411071295,MT,59102,28,Female,
"Valentin,Jackie",1312063714,AZ,85006,26,Female,
"Villanueva, Noah",1111030503,ME,04063,28,Male,
"Daneault, Lynn",1402065303,VT,05473     ,27,Female,
"Kampew, Donysha    ",1109029264,PA,19444     ,28,Female,
"Carabbio, Judith",1101023577,MA,02132,30,Female,
"Exantus, Susan",1401064670,MA,01749,30,Female,
"Martin, Sandra",1303054625,MA,02135,30,Female,
